<?xml version="1.0" encoding="UTF-8"?>
<project-private xmlns="http://www.netbeans.org/ns/project-private/1">
    <editor-bookmarks xmlns="http://www.netbeans.org/ns/editor-bookmarks/2" lastBookmarkId="0"/>
    <open-files xmlns="http://www.netbeans.org/ns/projectui-open-files/2">
        <group>
            <file>file:/G:/Repos/JavaBankApp/BankApp/src/Bank.java</file>
            <file>file:/G:/Repos/JavaBankApp/BankApp/src/MainMenu.java</file>
            <file>file:/G:/Repos/JavaBankApp/BankApp/src/Account.java</file>
            <file>file:/G:/Repos/JavaBankApp/BankApp/src/Savings.java</file>
            <file>file:/G:/Repos/JavaBankApp/BankApp/src/Customer.java</file>
            <file>file:/G:/Repos/JavaBankApp/BankApp/src/Checking.java</file>
        </group>
    </open-files>
</project-private>
